,Depot,test1,test2,test3,test4,test5,test6,test7,test9,test10,test11,test12,test13,test14,test15,test16,test17,test18,test19,test20,test21,test22,test23,test24,test25,test26,test27,test28,test29,test30,test31,test32,test33,test34,test35
Depot,0,894,1571,1182,1600,1348,1994,2205,987,810,3096,1835,1951,4171,2703,2507,2769,2147,2132,2488,1920,892,2610,1273,3073,532,1887,2171,2080,1715,2321,593,2060,2461,2364
test1,1349,0,2481,1078,979,1925,1467,1771,1418,1227,2600,1048,1546,3315,3708,2805,2056,1755,1774,1965,2024,1764,2121,632,2540,762,2174,1780,1573,1464,1707,1599,1551,1860,2460
test2,1163,1876,0,1312,1212,2331,1880,3237,1541,1686,2506,1976,1847,3007,1868,2679,1813,2041,1831,2842,2542,392,1771,2174,3437,1402,1068,2180,2068,1440,2611,943,1873,1532,2968
test3,1255,776,1303,0,484,1359,1388,1580,2077,1700,2149,1199,1273,2962,2829,2589,1779,1480,1148,1774,1825,814,1604,1125,2319,1419,2010,1070,1425,718,1255,1031,1267,1508,2280
test4,1749,934,1666,1302,0,1700,1492,1704,2664,2208,2561,1064,1505,3001,3202,2687,1778,1714,1040,1770,2088,1472,1594,1609,2716,1895,1893,967,1446,615,1145,1805,1241,1758,2459
test5,1454,2685,2611,2858,2169,0,1332,768,1336,1209,3512,2083,1950,4772,3763,2027,3360,2234,2710,1676,808,2301,3067,1578,1911,1691,2926,3017,1945,2566,2884,1933,1728,3319,1237
test6,3170,1963,3744,2791,1390,1299,0,1070,1873,2236,2625,1906,1673,4577,4439,2074,3173,1285,2347,1188,1449,3594,3032,1293,2143,2630,3549,2380,1515,1902,3859,3426,770,3183,1893
test7,2221,2464,3396,3567,2119,931,1249,0,2065,1743,3125,2385,2580,5071,2926,2038,3608,2134,3136,886,821,3255,3525,1799,1571,2101,3734,3217,2005,2595,3131,2723,1710,3585,864
test9,696,1842,1766,2075,1982,1158,1516,1292,0,1032,3636,2744,2765,4859,1537,1569,3440,3109,2846,1791,907,1335,3204,1563,2530,1088,2027,2837,2682,2208,3245,1135,2626,3127,1394
test10,795,1616,2451,1726,2334,1092,1707,1421,1196,0,4057,2559,2469,4775,3582,2498,3369,2324,2896,1698,1599,1641,3654,1001,2276,899,2774,2907,2404,2354,3049,1459,1914,3192,2058
test11,3404,2488,3245,3248,2260,3619,3253,3544,4314,3777,0,2407,2611,1931,2880,4466,1742,2637,1741,3434,4015,2922,1058,3253,3339,3465,2541,1615,1968,2121,1221,3298,2760,1812,4235
test12,2490,1557,2969,1976,1528,2329,2329,2581,3059,2477,2297,0,1602,5066,4845,3477,3603,1811,2302,2950,2752,2854,3350,1710,3934,1920,3837,1514,840,1174,1199,2674,1637,3353,3195
test13,3109,2174,3809,2373,2007,2073,1750,1875,2674,2538,2069,1590,0,4051,3836,2893,2652,679,2144,2220,2312,3452,2475,1793,2145,2609,2967,3102,906,2491,2444,3119,1598,2559,2672
test14,3916,3337,2881,3308,2701,4120,3744,4502,4602,4385,2078,3361,3752,0,2052,5247,1187,3956,2189,4450,4530,3205,1671,3899,5085,4009,1988,3045,4068,2766,3199,3564,3704,1813,4970
test15,2801,3784,1901,3502,2652,3870,3778,4530,2947,3513,3047,3327,3811,2084,0,2547,1941,4021,2417,4105,3040,2419,2711,4328,4811,3284,1075,2961,4131,2729,3453,2519,3782,1608,3411
test16,2837,2919,2654,3431,2860,2069,1652,1950,1945,2406,3713,2809,2528,5647,3023,0,4115,2723,3902,1997,1424,3518,4121,2819,1999,2947,3489,3820,2668,3394,3689,3083,2172,4165,1362
test17,2654,2178,2216,2317,1801,2681,2661,2962,3193,3084,1830,2519,2831,1115,1832,3801,0,3042,1604,3032,3061,1824,1111,2409,3615,2785,1584,1934,2641,1854,2223,2267,2554,659,3496
test18,2907,1967,3339,2192,1652,2470,1247,1832,3604,2470,2272,1881,567,3805,3577,3112,2469,0,1917,1768,2524,2966,2271,1513,1743,2395,2742,3545,1150,2146,2860,2905,1065,2326,2890
test19,2519,1588,1884,2200,891,2733,2239,2552,2768,2896,1539,1549,2181,2309,2088,3482,1195,2375,0,2528,2989,1544,1134,2295,3495,2590,1615,944,2270,946,1455,1884,2089,713,3285
test20,3048,2218,3696,2498,2256,1794,1386,774,2531,1849,3540,2998,2081,4843,3757,2215,3420,1673,3301,0,1394,3369,3618,1549,1327,2227,3650,4980,2236,2754,4476,3198,1779,3389,1421
test21,1979,3193,2219,2763,2563,897,1524,662,1346,1596,3476,2513,2313,5189,2582,1913,3737,2648,3611,1123,0,2759,3952,1963,1809,2074,3395,3717,2310,3062,3301,2372,1996,3779,763
test22,994,1773,670,1405,1180,2567,1657,3026,1544,1502,2344,1789,1644,2826,2423,3103,1662,1851,1692,2592,2554,0,1621,2176,3182,1240,1611,1871,1869,1429,2153,761,1665,1375,2977
test23,2549,1622,2108,2271,1559,2717,2320,2544,3252,2936,887,2415,2248,1491,2278,3474,895,2447,1113,2520,2979,1971,0,2332,3486,2627,1752,1524,2481,1619,1698,2330,2292,911,3276
test24,1305,1087,2579,1513,1811,1213,927,1331,1575,760,2973,1543,1473,4151,3824,2087,2753,1559,2482,1325,1774,1941,2476,0,1905,1144,2975,2642,1499,2017,2527,1783,1248,2644,2213
test25,3794,2741,4224,3015,2845,2519,1691,1638,3306,2368,3182,2651,2000,5384,4466,2308,3906,1746,3887,1140,1962,3989,4090,2033,0,2763,5305,3609,2811,3379,5666,4140,2183,3973,1851
test26,625,890,1665,1429,1597,1384,2143,1897,1156,581,3183,1829,1947,4297,3187,2724,2883,2143,2216,2164,1909,980,2725,1341,2807,0,2386,2259,2076,1789,2316,912,2056,2693,2352
test27,1792,2803,1038,2616,1981,2809,2971,3407,1942,2620,2726,2673,2920,2132,959,2790,1681,3136,1918,3396,2381,1629,2177,3387,4126,2304,0,2260,3080,2042,2707,1566,2860,869,2826
test28,2546,1617,2205,2051,905,2807,2586,2835,3055,2926,1944,1562,2528,3083,2787,3911,1897,2735,703,2795,3283,1753,1914,2322,3778,2618,1872,0,2278,456,1130,2117,2319,1354,3543
test29,2810,1875,2799,2073,1309,1780,1725,2024,2957,2281,2675,493,1119,4061,3866,2939,2663,1320,2999,1983,2208,2481,2483,1533,2985,2288,2993,2114,0,1679,1538,2744,1054,2572,2637
test30,2057,1197,1841,1710,677,2094,2202,2334,2635,2509,1759,947,2135,3371,3034,3248,2107,2327,887,2468,2511,1461,2081,1876,3048,2184,2287,683,1711,0,932,1797,1812,1584,2937
test31,2703,1811,3853,2235,1994,2923,3638,3221,3647,3116,1310,1209,2525,3003,4021,4011,2847,2731,1694,3252,3309,2713,1866,2516,3822,2830,3188,1011,1911,1485,0,2926,2999,2521,3764
test32,486,1591,1097,1092,1096,1459,2056,2279,903,1317,2705,1861,1982,3557,2141,2520,2264,2178,1730,2487,1879,428,2213,1992,3559,1049,1321,1785,2045,1350,2070,0,2018,1970,2329
test33,2876,1706,2622,1903,1188,2048,688,1690,3021,1915,2255,1313,1067,3932,3671,2470,2545,1218,2106,1828,2059,2297,2352,1003,2771,2296,2826,2921,920,1689,2666,3116,0,2422,2435
test34,2637,2113,1809,2399,1756,2640,2508,2902,3295,3170,2047,2440,2454,1519,1348,3748,572,2662,1058,2987,3015,1911,1467,2362,3568,2873,1024,1711,2621,1745,2367,2267,2428,0,3444
test35,2304,3886,2563,3104,3062,1187,1784,959,1678,1936,3931,2615,2695,5345,2936,1474,3868,2915,4064,1408,556,3120,4180,2316,1670,2422,3747,4271,2670,3579,3466,2694,2278,3923,0
